139.71153,35.667982,Ƃ񂩂܂,150-0001@saJ_{OSڂW|T 
139.797472,35.710969,_Jo[,111-0032@s䓌󑐂PڂP|P 
139.698653,35.695586,ˉVh{X,160-0023@sVh搼VhVڂQ|U
139.770825,35.672114,AWF[i,104-0061@sRڂQ|P 
139.766647,35.675539,΂߂,104-0061@sPڂQ|P 
139.775588,35.68257,߂,103-0027@s{PڂPQ|PO 
139.666494,35.707987,t{X,164-0001@s撆TڂTW|P|QOQ 
139.706058,35.690843,jԝfˊЁ^LX,160-0022@sVhVhRڂV|Q 
139.713229,35.645924,LJcb{X,150-0013@saJbSڂX|T|POT 
139.74232,35.700647,ȊP,162-0825@sVh_yPڂPQ|P 
139.716144,35.661166,u[m[g,107-0062@s`RUڂR|PU 
139.786632,35.68232,Cp[Nze,103-0014@s{akQڂP
139.257253,35.615967,R,193-0846@sqs쒬RSQU
139.706421,35.655631,RΏaJX,150-0002@saJaJRڂPR|V 
139.78291,35.684977,ʂЂ,103-0013@s{l`PڂPV|PO 
139.703411,35.690788,VՂVhȔ^{X,160-0022@sVhVhRڂRP|W 
139.712067,35.64986,\Ƃ񂱂[,150-0012@saJLPڂP|RU 
139.73881,35.691642,isJ{X,102-0074@sciSڂV|PU 
139.703559,35.669768,B񂪂猴hX,150-0001@saJ_{OPڂPR|QP 
139.767216,35.674052,LtF{,104-0061@sQڂT|S 
139.766467,35.672307,}A[WEt[{X,104-0061@sTڂU|U 
139.702186,35.691857,В{X,160-0022@sVhVhRڂQU|PR
139.699368,35.64849,JtFE~PWF,150-0033@saJ扎yQX|R 
139.699063,35.642918,ъ,153-0051@sڍڍQڂU|S 
139.696869,35.659039,y,150-0043@saJ擹QڂPV|U 
139.726186,35.625902,LBsܔcX,141-0022@si擌ܔcPڂQP|PO 
139.747828,35.66663,Ճm悩낤,105-0001@s`ՃmRڂW|Q 
139.723342,35.624409,Vi^ܔcX,141-0031@si搼ܔcPڂPP|X|a
139.760848,35.673219,RJXgLy,100-0006@scLyPڂPP|P 
139.764999,35.670777,CIfhmy`ok`bdX,104-0061@sTڂW|P|aQe 
139.695239,35.693024,nVXpQbeBVh쑺rX,163-0590@sVh搼VhPڂQU|Q|QPXa 
139.700303,35.686359,c}zeZ`[TU^[,151-0053@saJX؂QڂQ|P 
139.668841,35.608288,u,152-0035@sڍ掩RuPڂQX|R 
139.666475,35.612721,TN[,152-0035@sڍ掩RuQڂQQ|S 
139.767193,35.670124,iCXg,104-0061@sSڂPO|V 
139.731483,35.664171,ꗖZ{ؑ]ːwX,106-0032@s`Z{؂SڂPP|PP 
139.704406,35.659975,P^{vX,150-0002@saJaJPڂPQ|PQ 
139.702126,35.694396,ǂƂڂ_̕꒬X,160-0021@sVh̕꒬PڂPS|P 
139.768596,35.67515,꒚^{X,104-0061@sPڂQ|R 
139.735399,35.676627,낽,107-0052@s`ԍSڂP|S 
139.7137,35.665076,LEtFE{R,107-0062@s`RRڂPW|T
139.728281,35.660815,snq`x`b`edZ{؃qYX,106-0032@s`Z{؂UڂPQ|Q
139.693664,35.691329,VY[^VhOrX,163-0402@sVh搼VhQڂP|P
139.702115,35.693212,V_,160-0023@sVh搼VhVڂPT|PV
139.744525,35.698917,tѓcX,102-0071@scxmQڂPQ|PU|POU
139.770678,35.700802,B񂪂^Ht{X,101-0021@scO_cRڂPP|U
139.765281,35.671925,J,104-0061@sQڂS|PQ
139.793827,35.712938,VJ~,111-0032@s䓌󑐂PڂSP|S
139.713646,35.743326,~L[EGCX,170-0013@sL擌r܂PڂPQ|W
139.76127,35.668468,vq,104-0061@sWڂV|U
139.743667,35.662109,WhՂ̖{X,105-0001@s`ՃmRڂW|QS
139.705272,35.690877,eBLeBLVhX,160-0022@sVhVhRڂS|W
139.795585,35.712745,单ƓVn,111-0032@s䓌󑐂PڂRP|X
139.622389,35.705057,t؉E{X,167-0043@s㉬PڂS|U
139.762605,35.664949,CזLJb^X,105-0021@s`擌VPڂW|Q
139.706101,35.646083,A}|[bX,150-0022@saJbRڂP|QS
139.770825,35.672114,{X,104-0061@sRڂT|PU
139.714894,35.66523,NAEACi,107-0062@s`RTڂPO|QP
139.721994,35.56007,j[nI,144-0052@sc抗cSڂQT|V
139.707669,35.646038,`,150-0022@saJbPڂQ|W
139.772605,35.627055,|̎ANAVeBX,135-0091@s`PڂV|P|qTPQ
139.667333,35.659058,Lq̉^kX,155-0032@scJTڂRU|PU
139.668332,35.663365,LЃ}WbNXpCX,155-0031 scJkPڂSO|PT
139.6954,35.65983,aJO\ܒi,150-0044@saJ~RP|P
139.711722,35.727395,˒rܓ{X,171-0022@sLr܂PڂPW|QQ
139.579158,35.703922,,180-0004 ssgˎ{PڂP?P?W
139.644004,35.67626,叟,168-0063@saRڂT|R
139.713316,35.641948,[bK[fvCXxX,150-6038@saJbSڂQO|RO
139.699048,35.658244,rA[hpp̍肽čH[^aJ}X,150-0043@saJ擹PڂPQ|R 
139.669819,35.611385,Ru[,152-0035@sڍ掩RuPڂQR|Q
139.575332,35.703644,BbW@K[h_Ci[gˎX,180-0004@ssgˎ{QڂQO|P
139.774334,35.68268,]JCU[{X,103-0027@s{PڂS|P
139.772285,35.698415,̖^{X ,101-0041@sc_c{cQڂQP
139.711304,35.664193,E]EfEVR\QX,107-0061@s`kRRڂPO|W
139.798492,35.712123,Д~,111-0032@s䓌󑐂PڂRP|PP
139.7123,35.668746,JtFN[v[EEu^[j\QX,150-0001@saJ_{ORڂT|S
139.757178,35.691175,ԍѓX^pXTChxX,100-0003@sccPڂP|P
139.768648,35.697034,LЂԂΐ_c{X,101-0063@sc_cWHQڂPO
139.758599,35.695554,ڂ,101-0051@sc_c_ےPڂPP
139.761,35.68474,pXze,100-0005@scۂ̓PڂP|P
139.719143,35.623903,Ƃ,141-0031@si搼ܔcVڂT|R
139.708071,35.666634,ou[,150-0001@saJ_{OTڂW|W
139.713197,35.648664,ꕗbX,150-0012@saJLPڂR|PQ|POQ
139.710514,35.731408,ԃ`,171-0022@sLr܂QڂQU|Q
139.333755,35.6544,딭[,192-0903@sqsPX|P
139.424837,35.623405,vUze,206-0033@ssPڂSR
139.711835,35.645344,X[JtFb,150-0013@saJbSڂS|U
139.590717,35.709005,peBX[EAeXEFC,180-0002@ssgˎRڂW|W
139.763781,35.680696,jt`E`hm`ۃrX,100-6305@scۂ̓QڂS|P 
139.706281,35.667505,܂⌴h{X,150-0001@saJ_{OUڂP|U
139.769106,35.673572,ߖ十X,104-0061@sPڂPO|U
139.764501,35.671322,}lP,104-0061@sTڂV|PX
139.714229,35.633634,Ƃ,153-0064@sڍ扺ڍPڂP|Q
139.708198,35.65754,Jv`[UaJ{X,150-0011@saJ擌PڂR|P
139.768183,35.67332,ЃAEVpeBG{X,104-0061@sQڂW|QO
139.667464,35.660381,iR[h,155-0031@scJkQڂPR|T
139.724891,35.625547,yԓyԁEܔcX,141-0022@si擌ܔcQڂQ|PU
139.757662,35.695101,}_,101-0051@sc_c_ےQڂPV
139.705369,35.732412,[߂ rܓX,171-0014 sLr܂Q?PX?R V@r
